Metric,Value
Accuracy,0.8157894736842105
Recall,0.7586206896551724
Precision,0.9041095890410958
ROC AUC,0.8254641909814322
MCC,0.6445766026674506
f1,0.825
Z-Score,4.287267058330774
P-Value,1.8088478015195244e-05
Significance,显著
