Metric,Value
Accuracy,0.881578947368421
Recall,0.8591549295774648
Precision,0.8840579710144928
ROC AUC,0.8801947487393497
MCC,0.7619811046570876
Average Precision,0.8253322375135634
Z-Score,6.668813777731385
P-Value,2.5787921462366605e-11
Significance,显著
