Metric,Value
Accuracy,0.7413793103448276
ROC AUC,0.7439903846153846
MCC,0.4853626716970755
P-Value,0.0008847526630809258
Significance,显著
