Metric,Value
Accuracy,0.8881578947368421
Recall,0.8625
Precision,0.92
ROC AUC,0.8895833333333333
MCC,0.7781541039690079
f1,0.8903225806451613
Z-Score,5.24933752826528
P-Value,1.526471616858947e-07
Significance,显著
