Metric,Value
Accuracy,0.8421052631578947
Recall,0.8536585365853658
Precision,0.8536585365853658
ROC AUC,0.841114982578397
MCC,0.6822299651567945
f1,0.8536585365853658
Z-Score,5.042160859833841
P-Value,4.603040791437843e-07
Significance,显著
