Metric,Value
Accuracy,0.8881578947368421
Recall,0.9058823529411765
Precision,0.8953488372093024
ROC AUC,0.8857769973661107
MCC,0.7728442764855725
f1,0.9005847953216374
Z-Score,4.722251050790863
P-Value,2.3324851137012537e-06
Significance,显著
