Metric,Value
Accuracy,0.875
ROC AUC,0.8813025210084033
MCC,0.7589598399603608
P-Value,5.26659231028703e-06
Significance,显著
