Metric,Value
Accuracy,0.8026315789473685
Recall,0.8214285714285714
Precision,0.8214285714285714
ROC AUC,0.8004201680672269
MCC,0.6008403361344538
f1,0.8214285714285714
Z-Score,5.621348686291376
P-Value,1.894724102305343e-08
Significance,显著
