Metric,Value
Accuracy,0.868421052631579
Recall,0.8533333333333334
Precision,0.8767123287671232
ROC AUC,0.8682251082251082
MCC,0.7369608424200078
f1,0.8648648648648648
Z-Score,5.476263726029077
P-Value,4.344001307499142e-08
Significance,显著
