Metric,Value
Accuracy,0.9004329004329005
ROC AUC,0.897916979996992
MCC,0.8018257219895075
P-Value,6.023474503318689e-12
Significance,显著
