Metric,Value
Accuracy,0.9137931034482759
ROC AUC,0.9019607843137256
MCC,0.8238501983476029
P-Value,3.933215522914442e-07
Significance,显著
