Metric,Value
Accuracy,0.8355263157894737
Recall,0.8518518518518519
Precision,0.8414634146341463
ROC AUC,0.834376630151278
MCC,0.669393745048488
f1,0.8466257668711655
Z-Score,5.469733139907476
P-Value,4.507136884526758e-08
Significance,显著
