Metric,Value
Accuracy,0.8552631578947368
Recall,0.9382716049382716
Precision,0.8172043010752689
ROC AUC,0.8494174926099809
MCC,0.7154492657284823
f1,0.8735632183908048
Z-Score,5.581211931801068
P-Value,2.38848389770177e-08
Significance,显著
