Metric,Value
Accuracy,0.8793103448275862
ROC AUC,0.8842424242424244
MCC,0.7615924684653126
P-Value,1.1724006408079205e-05
Significance,显著
