Metric,Value
Accuracy,0.9393939393939394
ROC AUC,0.9404958677685951
MCC,0.8800005575722768
P-Value,1.1263965781442418e-10
Significance,显著
