Metric,Value
Accuracy,0.8486842105263158
Recall,0.8533333333333334
Precision,0.8421052631578947
ROC AUC,0.8487445887445888
MCC,0.6974287966573551
Average Precision,0.7909649122807018
Z-Score,5.425354159015804
P-Value,5.7839739956156645e-08
Significance,显著
