Metric,Value
Accuracy,0.875
Recall,0.8169014084507042
Precision,0.90625
ROC AUC,0.8714136671883151
MCC,0.7506340090643986
Average Precision,0.8258432171979244
Z-Score,5.651166397822391
P-Value,1.5936272738366556e-08
Significance,显著
