Metric,Value
Accuracy,0.9013157894736842
Recall,0.8831168831168831
Precision,0.918918918918919
ROC AUC,0.9015584415584416
MCC,0.8033255662133288
Average Precision,0.870723337828601
Z-Score,6.422550897580789
P-Value,1.3400942052378737e-10
Significance,显著
