Metric,Value
Accuracy,0.8881578947368421
Recall,0.8505747126436781
Precision,0.9487179487179487
ROC AUC,0.8945181255526083
MCC,0.7809983207838097
f1,0.896969696969697
Z-Score,5.530064969971834
P-Value,3.201122063371771e-08
Significance,显著
