Metric,Value
Accuracy,0.8275862068965517
ROC AUC,0.8297619047619046
MCC,0.6626870114100435
P-Value,0.0014781696775652878
Significance,显著
