Metric,Value
Accuracy,0.935064935064935
ROC AUC,0.9368243243243243
MCC,0.8743710252245139
P-Value,5.784041053507373e-10
Significance,显著
