Metric,Value
Accuracy,0.8881578947368421
Recall,0.8860759493670886
Precision,0.8974358974358975
Z-Score,6.226940097991624
P-Value,4.756328664238295e-10
Significance,显著
