Metric,Value
Accuracy,0.9137931034482759
ROC AUC,0.9285714285714286
MCC,0.8390957231764807
P-Value,6.246506135239776e-05
Significance,显著
