Metric,Value
Accuracy,0.9047619047619048
ROC AUC,0.9116444579043003
MCC,0.8204982030057799
P-Value,4.827692939171677e-09
Significance,显著
