Metric,Value
Accuracy,0.9523809523809523
ROC AUC,0.95345164686419
MCC,0.9055423936613728
P-Value,9.805291881024906e-13
Significance,显著
