Metric,Value
Accuracy,0.926406926
ROC AUC,0.927521008
MCC,0.855619987
P-Value,0.000856028
Significance,显著
