Metric,Value
Accuracy,0.8275862068965517
ROC AUC,0.8243727598566309
MCC,0.6534466356958181
P-Value,0.0008560276461639011
Significance,显著
