Metric,Value
Accuracy,0.8486842105263158
Recall,0.8169014084507042
Precision,0.8529411764705882
Z-Score,5.264366806201809
P-Value,1.4067334083338356e-07
Significance,显著
