Metric,Value
Accuracy,0.8355263157894737
Recall,0.8313253012048193
Precision,0.8625
ROC AUC,0.8359525056748733
MCC,0.6699775187555304
f1,0.8466257668711658
Z-Score,5.185511898349001
P-Value,2.154223326925666e-07
Significance,显著
