Metric,Value
Accuracy,0.7828947368421053
Recall,0.6707317073170732
Precision,0.9016393442622951
ROC AUC,0.7925087108013938
MCC,0.5948933742928614
f1,0.7692307692307693
Z-Score,3.8168147622812145
P-Value,0.00013518558432357045
Significance,显著
