Metric,Value
Accuracy,0.603448275862069
ROC AUC,0.6123058542413381
MCC,0.23090457054903274
P-Value,0.05898988704682138
Significance,不显著
