Metric,Value
Accuracy,0.6666666666666666
ROC AUC,0.6669421487603306
MCC,0.33350865408930563
P-Value,6.348258630376076e-05
Significance,显著
