Metric,Value
Accuracy,0.8552631578947368
Recall,0.8860759493670886
Precision,0.8433734939759037
ROC AUC,0.8539968787931332
MCC,0.7104619322592735
f1,0.8641975308641975
Z-Score,4.4517626755091495
P-Value,8.51682656584618e-06
Significance,显著
