Metric,Value
Accuracy,0.9013157894736842
Recall,0.9090909090909091
Precision,0.9195402298850575
ROC AUC,0.8998579545454546
MCC,0.7980879509562958
f1,0.9142857142857144
Z-Score,5.662915819947201
P-Value,1.4882217847097863e-08
Significance,显著
