Metric,Value
Accuracy,0.8355263157894737
Recall,0.8734177215189873
Precision,0.8214285714285714
ROC AUC,0.8339691347320964
MCC,0.6711463047583356
f1,0.8466257668711655
Z-Score,4.13489802405682
P-Value,3.551122865159006e-05
Significance,显著
