Metric,Value
Accuracy,0.7413793103448276
ROC AUC,0.7563131313131313
MCC,0.497468338163091
P-Value,0.004175095988781782
Significance,显著
