Metric,Value
Accuracy,0.7445887445887446
ROC AUC,0.7429096638655462
MCC,0.4894686914689423
P-Value,1.404617570439413e-06
Significance,显著
