Metric,Value
Accuracy,0.8092105263157895
Recall,0.7721518987341772
Precision,0.8472222222222222
ROC AUC,0.810733483613664
MCC,0.6218444800638604
f1,0.8079470198675496
Z-Score,4.345617115948873
P-Value,1.3888464538681039e-05
Significance,显著
