Metric,Value
Accuracy,0.9177489177489178
ROC AUC,0.9183535762483132
MCC,0.8394810536193402
P-Value,1.1273321297174043e-09
Significance,显著
