Metric,Value
Accuracy,0.935064935
ROC AUC,0.936186975
MCC,0.872963635
P-Value,0.000111945
Significance,显著
