Metric,Value
Accuracy,0.9137931034482759
ROC AUC,0.9110576923076923
MCC,0.8255957797908076
P-Value,0.0001119451508026228
Significance,显著
