Metric,Value
Accuracy,0.7631578947368421
Recall,0.75
Precision,0.7894736842105263
ROC AUC,0.763888888888889
MCC,0.5270462766947298
Average Precision,0.7236842105263157
Z-Score,4.391143345728427
P-Value,1.1275617059572585e-05
Significance,显著
