Metric,Value
Accuracy,0.7960526315789473
Recall,0.7777777777777778
Precision,0.8289473684210527
ROC AUC,0.797339593114241
MCC,0.5933908290969266
f1,0.802547770700637
Z-Score,4.535093216746654
P-Value,5.757804975429567e-06
Significance,显著
