Metric,Value
Accuracy,0.9567099567099567
ROC AUC,0.9570400359874044
MCC,0.9146974851299572
P-Value,2.989196301755741e-08
Significance,显著
