Metric,Value
Accuracy,0.8448275862068966
ROC AUC,0.8521634615384616
MCC,0.7022200475129745
P-Value,0.0015262766631260552
Significance,显著
