Metric,Value
Accuracy,0.670995670995671
ROC AUC,0.6718608852755193
MCC,0.3429995568178108
P-Value,3.33472435686969e-05
Significance,显著
