Metric,Value
Accuracy,0.6206896551724138
ROC AUC,0.633578431372549
MCC,0.2645755764827728
P-Value,0.03719181861835606
Significance,不显著
