Metric,Value
Accuracy,0.9523809523809523
ROC AUC,0.9523166891587945
MCC,0.9047690563653435
P-Value,1.4752622237623251e-10
Significance,显著
