Metric,Value
Accuracy,0.868421052631579
Recall,0.8452380952380952
Precision,0.9102564102564102
ROC AUC,0.8711484593837535
MCC,0.7384287479948564
Average Precision,0.854909710172868
Z-Score,5.583005449990665
P-Value,2.3639733418701604e-08
Significance,显著
