Metric,Value
Accuracy,0.7316017316017316
ROC AUC,0.730319388214125
MCC,0.47044031996555496
P-Value,6.892272505201372e-07
Significance,显著
