Metric,Value
Accuracy,0.5689655172413793
ROC AUC,0.553416149068323
MCC,0.10610978429544064
P-Value,0.3259169398510676
Significance,不显著
