Metric,Value
Accuracy,0.930735931
ROC AUC,0.931985294
MCC,0.864944589
P-Value,0.003611156
Significance,显著
