Metric,Value
Accuracy,0.7931034482758621
ROC AUC,0.7944711538461539
MCC,0.5861311111749482
P-Value,0.003611155922366955
Significance,显著
