Metric,Value
Accuracy,0.9437229437229437
ROC AUC,0.9415471698113208
MCC,0.8871206264848349
P-Value,1.3315071875967893e-09
Significance,显著
