Metric,Value
Accuracy,0.9210526315789473
ROC AUC,0.9147727272727273
MCC,0.8379188724993879
P-Value,0.00044689707537875367
Significance,显著
