Metric,Value
Accuracy,0.896551724137931
ROC AUC,0.8945454545454546
MCC,0.7890909090909091
P-Value,1.4775833326955228e-05
Significance,显著
