Metric,Value
Accuracy,0.935064935064935
ROC AUC,0.9357175364077671
MCC,0.8692619967460868
P-Value,3.0671352688292284e-11
Significance,显著
