Metric,Value
Accuracy,0.875
Recall,0.8205128205128205
Precision,0.927536231884058
ROC AUC,0.8764726264726265
MCC,0.7558976048262273
f1,0.870748299319728
Z-Score,4.29381805081991
P-Value,1.7562642112833013e-05
Significance,显著
