Metric,Value
Accuracy,0.6536796536796536
ROC AUC,0.655512107083772
MCC,0.31088397629425363
P-Value,4.579986228501211e-05
Significance,显著
