Metric,Value
Accuracy,0.603448275862069
ROC AUC,0.6071428571428572
MCC,0.21889453648082105
P-Value,0.09858298442626749
Significance,不显著
