Metric,Value
Accuracy,0.7894736842105263
Recall,0.7866666666666666
Precision,0.7866666666666666
ROC AUC,0.7894372294372294
MCC,0.5788744588744589
f1,0.7866666666666666
Z-Score,4.77470977612306
P-Value,1.799666013596342e-06
Significance,显著
