Metric,Value
Accuracy,0.875
Recall,0.8846153846153846
Precision,0.8734177215189873
Z-Score,5.792258914527991
P-Value,6.9445972219329166e-09
Significance,显著
