Metric,Value
Accuracy,0.9342105263157895
Recall,0.8961038961038961
Precision,0.971830985915493
ROC AUC,0.9347186147186147
MCC,0.8712495028563838
Average Precision,0.9234931117807323
Z-Score,5.268968628224063
P-Value,1.3719240667953667e-07
Significance,显著
