Metric,Value
Accuracy,0.7758620689655172
ROC AUC,0.7981818181818181
MCC,0.6086610876006685
P-Value,0.001852361357578808
Significance,显著
