Metric,Value
Accuracy,0.922077922077922
ROC AUC,0.9240063233965674
MCC,0.8462308382725885
P-Value,4.108476053761538e-11
Significance,显著
