Metric,Value
Accuracy,0.8881578947368421
Recall,0.9166666666666666
Precision,0.8850574712643678
Z-Score,5.242118937475512
P-Value,1.5874298713713092e-07
Significance,显著
