Metric,Value
Accuracy,0.8157894736842105
Recall,0.7468354430379747
Precision,0.8805970149253731
ROC AUC,0.8186232009710421
MCC,0.6412619975122557
f1,0.8082191780821918
Z-Score,4.301048054466288
P-Value,1.6999218722870766e-05
Significance,显著
