Metric,Value
Accuracy,0.9013157894736842
Recall,0.8977272727272727
Precision,0.9294117647058824
ROC AUC,0.9019886363636364
MCC,0.799517972747398
f1,0.9132947976878613
Z-Score,5.502703986044404
P-Value,3.74010095210572e-08
Significance,显著
