Metric,Value
Accuracy,0.9144736842105263
Recall,0.8533333333333334
Precision,0.9696969696969697
ROC AUC,0.9136796536796538
MCC,0.834543459330556
Average Precision,0.8998431685273791
Z-Score,6.15391440146577
P-Value,7.559349529031654e-10
Significance,显著
